{"cameraMode":{"drawMode":0,"name":"Shaded","section":"Shading Mode"},"sceneLighting":true,"audioPlay":false,"sceneViewState":{"showFog":true,"showMaterialUpdate":false,"showSkybox":true,"showFlares":true,"showImageEffects":true,"showParticleSystems":true},"in2DMode":false,"pivot":{"x":0.47812700271606448,"y":1.6241352558135987,"z":-0.07232904434204102},"rotation":{"x":0.1784084290266037,"y":-0.7465085387229919,"z":0.2213941514492035,"w":0.601566731929779},"size":9.622876167297364,"orthographic":false}